Компания;Банкрот?;год;Финансовые вложения (за исключением денежных эквивалентов);Внеоборотные активы;Запасы;Дебиторская задолженность;Денежные средства и денежные эквиваленты;Оборотные активы;Активы  всего;Нераспределенная прибыль (непокрытый убыток);Капитал и резервы;Долгосрочные обязательства;Заёмные средства (краткосрочные);Кредиторская задолженность;Краткосрочные обязательства;Пассивы всего;Выручка;Себестоимость продаж;Прибыль (убыток) от продажи;Проценты к уплате;Прибыль (убыток) до налогообложения ;Текущий налог на прибыль;Чистая прибыль (убыток);"Коэффициент абсолютной ликвидности где ОАНЛ – оборотные активы, наиболее ликвидные, к
которым относятся денежные средства и краткосрочные финансовые вложения; ТО – текущие обязательства, которые рассчитываются как сумма краткосрочных заемных средств, кредиторской задолженности и
прочих краткосрочных обязательств";ОА/КО;коэффициент финансовой зависимости [заемные средства/валюта баланса];Доля чистого оборотного капитала в активах [(ОА-КО)/общая величина активов];"Доля формирования активов за счет
нераспределенной прибыли [НП/Авсего]";рентабельность активов, рассчитанная исходя из прибыли до уплаты процентов и налогов;коэффициент оборачиваемости активов;коэффициент соотношения акционерного капитала и обязательств;(рентабельность собственного капитала, рассчитанная исходя из прибыли до налогообложения;доля формирования активов за счет заемных средств = Кфз;доля формирования активов за счет краткосрочных обязательств;"(коэффициент покрытия обязательств
оборотным капиталом";(коэффициент соотношения прибыли до уплаты процентов и налогов и суммы процентов к уплате;доля быстрореализуемых активов в общей величине активов;"(доля постоянного капитала в общей
сумме источников средств";"доля финансовых расходов
в выручке";"(коэффициент соотношения прибыли
до уплаты процентов и налогов и заемного
капитала";доля оборотного капитала в общей величине активов;"(рентабельность активов, рассчитанная
исходя из прибыли от продаж";"(коэффициент соотношения собственного
и заемного капиталов (ПОМЕНЯЛА: ЗАЕМН/СОБСТВ)";(коэффициент соотношения прибыли от продаж и краткосрочных обязательств;коэффициент соотношения оборотных активов и обязательств;"доля оборотного капитала в валюте
баланса";"коэффициент соотношения прибыли до
налогообложения и краткосрочных
обязательств";рентабельность собственного капитала;"рентабельность затрат на проданную (произведенную) продукцию, рассчитанная исходя из чистой
прибыли";коэффициент убыточности предприятия;(коэффициент соотношения кредиторской и дебиторской задолженностей gjvtyzkf vtcnfvb;(коэффициент убыточности продажи продукции);коэффициент загрузки активов;коэффициент обеспеченности собственными оборотными средствами;коэффициент менеджмента;(рентабельность собственного капитала, рассчитанная исходя из прибыли до налогообложения;(коэффициент оборачиваемости запасов ПОМЕНЯЛА МЕСТАМИ;коэффициент структуры капитала (леверидж));коэффициент рентабельности;(коэффициент эффективности;(коэффициент оборачиваемости совокупного капитала;Шеремет
АО 2-ПУ УРАЛХИММОНТАЖ;1;2020;0;44886;417 794;95009;15538;528365;573251;-179987;-176720;419;3188;743965;749552;573251;498;2091;-3988;0;6256;-1722;4490;0,010381471;0,704907732;1,308276828;-0,385846688;-0,313975902;0,010913195;0,000868729;-0,235767498;-0,035400634;1,308276828;1,307545909;0,704907732;0;0,192842228;-0,308276828;-3,457831325;0,008341656;0,921699221;-0,006956813;-0,018039837;-0,005320511;0,704513908;0,921699221;0,008346319;-0,025407424;2,147297944;0;0,127706277;0;1151,106426;-0,419418394;-8,008032129;-0,035400634;838,9437751;-0,235635778;0,00783252;9,016064257;-0,002818017;1,496203234
АО 9 ЦАРЗ;1;2017;0;518902;178 684;335886;67;514637;1033539;-641186;180270;8304;13598;830315;844965;1033539;319502;404759;-85257;0;-135570;17006;-118564;3,96713E-05;0,609063097;0,825579877;-0,319608646;-0,620379105;-0,131170667;0,309133956;0,213346115;-0,752038609;0,825579877;0,817545347;0,609063097;0;0,325051111;0,174420123;0,053226584;-0,158883072;0,497936701;-0,082490356;0,075431297;-0,100900037;0,603135705;0,497936701;-0,160444515;-0,657702335;-0,292924926;-0,657702335;0,404528402;-0,371090009;3,2348436;-0,658001659;-0,2668434;-0,752038609;0,559257845;0,211269834;-0,114716523;-0,371090009;1,772352582;1,141578595
АО 172 ЦАРЗ;1;2017;1 000;1 313 005;105 262;102 608;532 229;741 208;2 054 213;-488 716;1 654 099;5 612;132 876;253 457;394 502;2 054 213;867 389;1 001 448;-134 059;6 922;-171 345;9 134;-132 190;0,682895874;1,878844721;0,19477727;0,168778019;-0,237909117;-0,080041846;0,422248813;4,192878617;-0,103588117;0,19477727;0,192045323;1,878844721;-23,75368391;0,309041467;0,80522273;0,018510726;-0,410940382;0,360823342;-0,065260516;0,080331347;-0,339818303;1,85249204;0,360823342;-0,434332399;-0,079916619;-0,131998866;-0,079916619;0,404833956;-0,152399904;2,368271906;0,460186614;-0,154554646;-0,103588117;0,121355009;4,13406929;-0,064350678;-0,152399904;0,524387597;0,49759689
АО 751 РЕМОНТНЫЙ ЗАВОД ;1;2020;0;72 726;13 654;5 718;138;19 825;92 551;-143 387;-59 114;11 835;61 801;78 029;139 830;92 551;10 505;6 908;-4 672;0;-6 019;0;-4 953;0,000493456;0,141779303;1,638718112;-1,296636449;-1,549275535;-0,065034413;0,113504986;-0,422756204;0,101820212;1,638718112;1,510842671;0,141779303;0;0,063273222;-0,638718112;0;-0,03968615;0,214206221;-0,050480276;-1,045454545;-0,033412;0,130715722;0,214206221;-0,043045126;0,083787259;-0,716994789;0,083787259;0,073280447;-0,471489767;8,810185626;-6,650189155;-0,4447406;0,101820212;1,299762018;-0,389766921;-0,05351644;-0,471489767;-0,17770748;1,574115893
АО 2048 ЦИБ;1;2019;0;219 170;6 797;1 025;0;13 546;232 716;-427 667;-234 234;0;218 664;247 301;466 950;232 716;223;2 858;-14 887;0;-25 037;5 006;-20 031;0;0,02900953;2,006522972;-1,948314684;-1,837720655;-0,107586071;0,00095825;-0,501625442;0,106888838;2,006522972;2,006522972;0,02900953;0;0,00440451;-1,006522972;22,44843049;-0,05361816;0,058208288;-0,063970677;-0,93352801;-0,031881358;0,02900953;0,058208288;-0,05361816;0,085517047;-7,008747376;0,085517047;0,004144747;-89,82511211;1043,569507;-33,47143068;-66,75784753;0,106888838;30,47982063;-0,501625442;-0,086074872;-89,82511211;-0,000952039;2,006694856
АО АНДРЕАПОЛЬСКИЙ НПЗ;1;2020;66 691;885 306;46 502;1 279 873;12 030;1 405 106;2 290 412;-1 215 107;-1 201 597;1 041 048;2 225 540;218 469;2 450 961;2 290 412;2 255 227;2 014 762;-1 970;194 700;-184 097;26 496;-158 695;0,016082019;0,573287784;1,524620461;-0,456623088;-0,530518963;0,004629298;0,984638135;-0,490255455;0,153210269;1,524620461;1,070096122;0,573287784;0,054458141;0,564048302;-0,524620461;0,098081479;0,003036361;0,613473035;-0,000860107;-1,852151761;-0,000803766;0,402377543;0,613473035;-0,07511217;0,13207007;-0,078766127;0,13207007;5,858373499;-0,070367639;1,015601534;-1,485228161;-0,000873526;0,153210269;0,020619654;-0,344099056;-0,069286661;-0,070367639;-1,876858048;1,660226632
МУП ЦРА №51;1;2018;0;247;1 007;31;29;1 067;1 314;-743;196;0;0;1 118;1 118;1 314;8 935;6 961;-290;0;-418;0;-484;0,012969589;0,954382826;0,850837139;-0,038812785;-0,565449011;-0,318112633;6,799847793;0,175313059;-2,132653061;0,850837139;0,850837139;0,954382826;0;0,0456621;0,149162861;0;-0,373881932;0,812024353;-0,220700152;0;-0,259391771;0,954382826;0,812024353;-0,373881932;-2,469387755;-0,06953024;-2,469387755;0,027728086;-0,054168998;0,147062115;-0,047797563;-0,032456631;-2,132653061;0,112702854;0,175313059;-0,368340944;-0,054168998;45,58673469;0,896499239
ООО 1УК;1;2015;0;0;4 325;112 694;394;117 413;117 413;163;173;0;0;117 240;117 240;117 413;175 401;157 609;279;0;154;31;123;0,001680314;1,001475606;0,998526569;0,001473431;0,001388262;0,001311609;1,493880575;0,001475606;0,89017341;0,998526569;0,998526569;1,001475606;0;0,963164215;0,001473431;0,000176738;0,001313545;1;0,002376228;0;0,002379734;1,001475606;1;0,001313545;0,710982659;0,000780412;0;0,961224838;0;0,669397552;0,001473431;0,001590641;0,89017341;0,024657784;0,001475606;0,001047584;0,00070125;1013,878613;1,961690784
ООО 2Е;1;2019;0;0;13 153;16 202;1 429;36 646;30 784;0;-933;179;0;31 538;36 595;30 784;23 601;22 793;817;0;130;105;-758;0,020973684;1,001393633;1,194581601;0,001656705;0;0,004222973;0,766664501;-0,025495286;-0,139335477;1,194581601;1,188766892;1,001393633;0;0,572732588;-0,030307952;0,004448964;0,003535106;1,190423597;0,026539761;0;0,022325454;0,99651928;1,190423597;0,003552398;0,812433012;-0,033255824;0,812433012;0,513729469;-0,032117283;1,304351511;-0,025459805;0,034617177;-0,139335477;0,557306894;-0,025371186;-0,024623181;-0,032117283;-25,29581994;1,597225832
ООО 4Ф;1;2016;0;63 193;102 281;341 452;6 938;458 582;521 775;17 873;17 883;217 698;75 585;210 609;286 194;521 775;2 518 806;2 080 796;9 138;45 243;-5 980;1 239;-7 219;0,012121149;1,60234666;0,965726606;0,330387619;0,034254228;0,07524891;4,827379618;0,062485587;-0,334395795;0,965726606;0,548500791;1,60234666;0,867824857;0,667701596;0,034273394;0,018453982;0,077919475;0,87888841;0,017513296;4,226639826;0,031929391;0,910079938;0,87888841;-0,020894917;-0,403679472;-0,003469345;-0,403679472;1,62126025;-0,00286604;0,207151722;-0,098804576;0,003627909;-0,334395795;0,040606938;0,035489748;-0,013835465;-0,00286604;140,8491864;1,216202386
ООО 23 МОЗ;1;2013;2 721;6 245;5 542;37 777;2;43 321;49 566;1 108;10 247;0;8 616;30 703;39 319;49 566;104 298;102 771;1 527;1 017;434;76;358;0,034627025;1,101782853;0,793265545;0,08074083;0,022354033;0,029274099;2,10422467;0,260611918;0,04235386;0,793265545;0,793265545;1,101782853;1,426745329;0,76219586;0,206734455;0,010479587;0,036903278;0,874006375;0,030807408;0,840831463;0,038836186;1,101782853;0,874006375;0,011037921;0,034937055;0,003483473;0;1,230400938;0;0,475234424;0,092380139;0,014640741;0,04235386;0,053136206;0,260611918;0,007222693;0,003432472;10,17839368;1,610357907
ООО 25 РЕГИОН;1;2020;0;0;0;19 961;0;19 961;19 961;0;-15 755;0;8 313;27 403;35 716;19 961;29 062;33 194;-4 132;0;-6 637;0;-6 637;0;0,558881174;1,789289114;-0,789289114;0;-0,332498372;1,455939081;-0,441118826;0,421263091;1,789289114;1,789289114;0,558881174;0;1;-0,789289114;0;-0,18582708;1;-0,207003657;-0,527642018;-0,115690447;0,558881174;1;-0,18582708;0,421263091;-0,199945773;0,421263091;0,728423895;-0,228373821;0,686841924;-0,789289114;-0,14217879;0,421263091;0;-0,441118826;-0,332498372;-0,228373821;-1,844620755;2,789289114
ООО АА НЕЗАВИСИМОСТЬ ПРЕМЬЕР АВТО;1;2016;81 061;1 024 799;73 595;387 059;3 513;550 861;1 575 661;25 301;28 201;1 383 566;1 271;162 623;163 894;1 575 661;1 815 595;1 680 011;-169 394;106 987;-171 545;0;-139 648;0,258014326;3,361080943;0,982102115;0,245590263;0,016057388;-0,040972011;1,15227514;0,172068532;-6,082940321;0,982102115;0,104016029;3,361080943;-0,603419107;0,247878192;0,017897885;0,058926688;-0,041718687;0,349606292;-0,107506627;0,045069324;-1,033558275;0,355977537;0,349606292;-1,046682612;-4,951881139;-0,083123265;-4,951881139;2,380099986;-0,076915832;0,867848281;-1,809164199;-0,093299442;-6,082940321;0,040534921;0,018224057;-0,088628201;-0,076915832;64,38051842;0,403339932
ООО ААА НПА;1;2015;0;1 798 072;641 611;826 860;49 881;1 587 847;3 385 919;438 094;133 122;133 122;641 000;2 170 003;2 811 003;3 385 919;12 980 371;12 217 426;-640 574;105 552;65 947;0;44 967;0,008872456;0,564868483;0,86952021;-0,361247862;0,129387029;0,050650651;3,833633055;0,047357473;0,495387689;0,86952021;0,830203853;0,564868483;1,624782098;0,258937382;0,039316357;0,008131663;0,058251263;0,468955991;-0,189187633;4,815131984;-0,227880938;0,539327304;0,468955991;0,023460309;0,337787894;0,003680563;0;0,381040948;0;0,26084917;-1,048558205;-0,049349437;0,495387689;0,049429327;0,045216151;0,013280589;0,003464231;97,50733162;1,089141235
ООО АБСЕНТ;1;2020;292;1 173;68 606;65 511;2 167;140 708;141 881;-3 909;6 091;14 487;0;121 303;121 303;141 881;196 066;172 925;757;0;-4 142;25;-4 117;0,010135776;1,159971312;0,957069657;0,136769546;-0,027551258;-0,029193479;1,381904554;0,050213103;-0,680019701;0,957069657;0,854962962;1,159971312;0;0,477005378;0,042930343;0,000127508;-0,030502983;0,991732508;0,005335457;0;0,006240571;1,036217689;0,991732508;-0,034145899;-0,675915285;-0,023808009;-0,675915285;0,540060839;-0,020998031;0,723638979;0,034951815;0,003860945;-0,680019701;0,349912784;0,044856028;-0,029017275;-0,020998031;32,18945986;1,334026402
ООО АБСОЛЮТ КЛИНИНГ СЕРВИС;1;2020;2 400;789;3 530;42 927;6 659;56 446;57 235;2 637;2 658;0;706;52 871;54 577;57 235;125 740;112 847;1 542;45;629;-42;587;0,083760194;1,034245195;0,953559885;0,032654844;0,046073207;0,011776011;2,196907487;0,048701834;0,236644093;0,953559885;0,953559885;1,034245195;14,97777778;0,866357998;0,046440115;2,38588E-05;0,012349525;0,986214729;0,026941557;0,265613243;0,02825366;1,034245195;0,986214729;0,011525001;0,220842739;0,005201733;0;0,811919578;0;0,455185303;0,033111292;0,012263401;0,236644093;0,028073803;0,048701834;0,010255962;0,004668363;47,3062453;1,84437844
ООО А-ГЛАСС;1;2020;7 643;3 588;54 678;189 847;3 656;258 448;262 036;21 051;21 151;0;43 505;197 380;240 885;262 036;1 368 411;1 302 964;7 808;6 040;7 735;-1 593;6 142;0,0234531;1,07291031;0,919282083;0,067025142;0,08033629;0,052569113;5,22222519;0,087805384;0,365703749;0,919282083;0,919282083;1,07291031;2,280629139;0,738459601;0,080717917;0,003249755;0,057184964;0,986307225;0,029797432;2,056876743;0,032413807;1,07291031;0,986307225;0,032110758;0,290388161;0,004713868;0;0,961835039;0;0,191489253;0,067955643;0,005705888;0,365703749;0,039957294;0,087805384;0,023439527;0,004488418;64,69722472;1,686909432
ООО АЛЬЯНС МОТОРС;1;2015;25 750;783;87 272;122 129;206;235 387;236 171;15 605;15 615;41 641;99 198;79 717;178 915;236 171;273 836;247 942;-2 600;0;3 011;145;2 866;0,072537238;1,315635916;0,933882653;0,239114879;0,066075005;0,012749237;1,159481901;0,087276081;0,19282741;0,933882653;0,757565493;1,315635916;0;0,517993318;0,066117347;0,000529514;0,013651862;0,996680371;-0,011008972;6,352737752;-0,01453204;1,067243693;0,996680371;0,016829221;0,183541467;0,011559155;0;1,532032063;0;0,86245417;0,063011126;-0,009494734;0,19282741;0,318701705;0,070798346;0,012135275;0,010466118;17,53672751;1,384589979
ООО АНТИВИРУСНЫЙ ЦЕНТР;1;2017;0;270;7 265;95 401;79;102 841;103 111;12 060;12 068;1 807;6 794;82 302;89 236;103 111;71 842;55 830;-10 077;560;210;113;68;0,000442994;1,15246089;0,882961081;0,131945185;0,116961333;0,00746768;0,696744285;0,1352369;0,017401392;0,882961081;0,865436277;1,15246089;1,375;0,925992377;0,117038919;0,009367779;0,008457542;0,997381463;-0,097729631;0,562976467;-0,112925277;1,129587118;0,997381463;0,00235331;0,005634736;0,001217983;0;1,159157736;0;1,435246792;0,114720783;-0,14026614;0,017401392;0,10112469;0,13255275;0,000659483;0,000946522;5,953099105;1,790070894
ООО А-СТРОЙ;1;2017;0;0;0;15 780;99;15 879;15 879;1 210;1 220;0;100;14 559;14 659;15 879;43 549;38 997;588;0;400;2;277;0,003376765;1,083225322;0,923168965;0,076831035;0,076201272;0,025190503;2,742553057;0,083225322;0,327868852;0,923168965;0,923168965;1,083225322;0;1;0,076831035;4,59253E-05;0,027286991;1;0,03703004;0,081967213;0,040111877;1,083225322;1;0,027286991;0,22704918;0,00710311;0;1,08386565;0;0,364623757;0,076831035;0,013502032;0,327868852;0;0,083225322;0,017444423;0,006360651;35,69590164;1,923168965
ООО А-ФАРМ;1;2021;970;315 460;209 605;1 116 039;66 644;1 559 827;1 875 287;348 515;648 515;11 716;622 447;590 153;1 215 056;1 875 287;3 560 081;3 176 554;124 935;67 085;159 026;-31 728;127 248;0,027851557;1,283749062;0,654178267;0,183849725;0,18584622;0,120574077;1,898419282;0,533732602;0,245215608;0,654178267;0,64793069;1,283749062;3,370515018;0,630667732;0,345821733;0,009931516;0,184313793;0,831780415;0,066621802;0,959803551;0,102822421;1,271488916;0,831780415;0,130879564;0,196214428;0,040058504;0;1,891101121;0;0,526754026;0,213520474;0,035093303;0,245215608;0,058876469;0,528635313;0,067855214;0,035743007;5,489589292;1,27780601
ООО БЕЛИЧЬЯ ПУСТОШЬ;1;2019;0;0;0;10 501;0;10 501;10 501;0;160;0;0;10 341;10 341;10 501;437;437;0;0;0;0;0;0;1,015472391;0,984763356;0,015236644;0;0;0,041615084;0,015472391;0;0,984763356;0,984763356;1,015472391;0;1;0,015236644;0;0;1;0;0;0;1,015472391;1;0;0;0;0;1,015472391;0;24,02974828;0,015236644;0;0;0;0,015472391;0;0;2,73125;1,984763356
ООО БЕЛЫЙ МЕДВЕДЬ НН;1;2020;0;53 365;1 589;0;87;1 676;55 041;0;36 868;14 336;0;3 837;3 837;55 041;10 595;10 287;308;0;230;0;230;0,011336982;0,436799583;0,330172054;-0,039261641;0;0,004178703;0,192492869;9,608548345;0,006238472;0,330172054;0,069711669;0,436799583;0;0,00158064;0,669827946;0;0,012656138;0,030450028;0,005595829;0;0,080271045;0,092224729;0,030450028;0,059942664;0,006238472;0,022358316;0;0;0;5,19499764;-9,843078759;0,029070316;0,006238472;0,149976404;2,028723931;0,004178703;0,021708353;0,287376587;0,071292309
ООО БЛИНОФФ-ПЕТЕРБУРЖСКАЯ;1;2016;34 025;0;2 418;39 388;338;76 169;76 169;59 268;59 278;0;488;16 403;16 891;76 169;71 538;57 916;13 091;149;13 472;129;13 343;1,017198508;4,509442899;0,221756883;0,778243117;0,77811183;0,178826032;0,939200987;3,509442899;0,227268126;0,221756883;0,221756883;4,509442899;91,41610738;0,521550762;0,778243117;0,003886047;0,806405778;1;0,17186782;0,008232397;0,775028121;4,509442899;1;0,797584512;0,22509194;0,230385386;0;2,401268061;0;1,064734826;0,778243117;0,182993654;0,227268126;0,033800218;3,509442899;0,175176253;0,186516257;1,206822093;1,190011685
ООО БЭЛЬ ПАРФЮМ;1;2018;0;79 388;566 166;28 975;34 737;630 018;709 406;43 170;43 270;101 015;2 670;562 451;565 121;709 406;778 999;350 447;-53 221;5 100;-16 117;419;-22 820;0,030734126;1,114837353;0,939005309;0,09148076;0,060853728;-0,015529894;1,098100383;0,076567673;-0,372475156;0,939005309;0,796611531;1,114837353;-2,160196078;0,089810348;0,060994691;0,007084733;-0,016538665;0,888092291;-0,07502192;0,06170557;-0,094176291;0,945779841;0,888092291;-0,028519556;-0,52738618;-0,065116836;-0,52738618;0,051515599;-0,029294004;0,910663557;-0,057328521;-0,068319728;-0,372475156;0,726786556;0,064956706;-0,032167757;-0,029294004;18,00321239;0,88642188
ООО ВИКТОРИЯ;1;2019;0;10;0;152;0;152;162;0;10;0;0;152;152;162;10 890;10 835;55;0;55;109;-54;0;1;0,938271605;0;0;0,339506173;67,22222222;0,065789474;5,5;0,938271605;0,938271605;1;0;0,938271605;0,061728395;0,010009183;0,361842105;0,938271605;0,339506173;0;0,361842105;1;0,938271605;0,361842105;-5,4;-0,004983849;-5,4;1;-0,004958678;0,014876033;0;0,005050505;5,5;0;0,065789474;-0,333333333;-0,004958678;1089;1,87654321
ООО ВИННАЯ ВЫСТАВКА;1;2017;0;1 859;83 254;20 391;10 030;113 675;115 535;0;13 775;0;0;101 760;101 760;115 535;501 711;471 717;29 994;5 336;1 677;601;1 076;0,049282626;1,11708923;0,88077206;0,103128922;0;0,060700221;4,342502272;0,135367531;0,121742287;0,88077206;0,88077206;1,11708923;1,31428036;0,263305492;0,11922794;0,011833506;0,06891706;0,983900982;0,259609642;0;0,294752358;1,11708923;0,983900982;0,016479953;0,078112523;0,002281029;0;0,200383255;0;0,230281975;0,104825159;0,059783421;0,121742287;0,165940153;0,135367531;0,009313195;0,002144661;36,42185118;1,144077552
ООО ВЛАДИСЛАВА;1;2017;0;55 898;12 593;7 449;1;22 544;78 442;3 878;3 888;0;45 012;29 542;74 554;78 442;29 392;23 604;2 655;6 774;-4 145;0;-4 145;6,70655E-06;0,302384849;0,950434716;-0,663037658;0,049437801;0,033515209;0,374697229;0,052150119;-1,066100823;0,950434716;0,950434716;0,302384849;0,388101565;0,094974631;0,049565284;0,230470876;0,035263031;0,287397058;0,033846664;11,57716049;0,035611771;0,302384849;0,287397058;-0,055597285;-1,066100823;-0,17560583;-1,066100823;0,252149482;-0,141024769;2,668821448;-2,307044003;0,090330702;-1,066100823;0,428449918;0,052150119;-0,05284159;-0,141024769;7,559670782;1,045409347
ООО ТД АБАКАН;1;2018;0;749;3 305;661;80;4 046;4 795;663;693;0;2 000;2 102;4 102;4 795;4 099;3 954;65;0;65;13;52;0,009751341;0,986348123;0,855474453;-0,011678832;0,13826903;0,013555787;0,854848801;0,16894198;0,093795094;0,855474453;0,855474453;0,986348123;0;0,154535975;0,144525547;0,003171505;0,015845929;0,84379562;0,013555787;2,886002886;0,015845929;0,986348123;0,84379562;0,015845929;0,075036075;0,013151239;0;0,314462417;0;1,169797512;-0,01384083;0,015857526;0,093795094;0,806294218;0,16894198;0,01084463;0,012686021;5,914862915;1,010010428
ООО ТК А-МЕТ;1;2018;0;0;156;389;60;679;679;95;105;0;0;574;574;679;31 245;30 895;350;0;325;21;304;0,052264808;1,182926829;0,845360825;0,154639175;0,139911635;0,478645066;46,01620029;0,182926829;3,095238095;0,845360825;0,845360825;1,182926829;0;0,661266568;0,154639175;0,000672108;0,566202091;1;0,515463918;0;0,609756098;1,182926829;1;0,566202091;2,895238095;0,00983978;0;0,677700348;0;0,021731477;0,154639175;0,011201792;3,095238095;0,004992799;0,182926829;0,447717231;0,009729557;297,5714286;1,506627393
ЁГВИНСКОЕ СЕЛЬПО;0;2020;0;14 213;12 246;484;7 826;20 556;34 769;1 188;24 866;0;6 864;3 039;9 903;34 769;103 776;80 646;3 433;0;2 101;0;1 188;0,395132788;2,075734626;0,284822687;0,306393627;0,034168368;0,060427392;2,984727775;2,510956276;0,084492882;0,284822687;0,284822687;2,075734626;0;0,239006011;0,715177313;0;0,212157932;0,591216313;0,098737381;0,276039572;0,346662627;2,075734626;0,591216313;0,212157932;0,04777608;0,014731047;0;0,159262915;0;0,33503893;0,518242849;0,033080866;0,084492882;0,118004163;2,510956276;0,034168368;0,011447734;4,173409475;0,523828698
ООО ~ЭЛЕКТРОР~;0;2020;0;126;1 016;201;625;1 842;1 968;0;1 404;0;0;564;564;1 968;6 031;5 123;908;0;864;148;716;0,554078014;3,265957447;0,286585366;0,649390244;0;0,43902439;3,06453252;2,489361702;0,615384615;0,286585366;0,286585366;3,265957447;0;0,419715447;0,713414634;0,024539877;1,531914894;0,93597561;0,461382114;0;1,609929078;3,265957447;0,93597561;1,531914894;0,50997151;0,139761858;0;0,356382979;0;0,326314044;0,693811075;0,150555463;0,615384615;0,168462941;2,489361702;0,363821138;0,118719947;4,295584046;0,706300813
ООО «82 РЕГИОН»;0;2019;0;0;364;118;2;484;484;0;31;100;0;353;353;484;927;853;74;0;34;7;27;0,002832861;1,371104816;0,935950413;0,270661157;0;0,070247934;1,915289256;0,087818697;1,096774194;0,935950413;0,729338843;1,371104816;0;0,247933884;0,064049587;0,007551241;0,075055188;1;0,152892562;0;0,209631728;1,068432671;1;0,09631728;0,870967742;0,031652989;0;0,33427762;0;0,522114347;0,064049587;0,0798274;1,096774194;0,392664509;0,068432671;0,055785124;0,029126214;29,90322581;0,977272727
ООО 01-СЕРВИС;0;2020;0;0;1 091;349;1 048;2 488;2 488;1 667;1 677;0;568;243;811;2 488;8 287;3 700;1 970;0;1 913;-246;1 667;0,646115906;3,067817509;0,32596463;0,67403537;0,670016077;0,768890675;3,330787781;2,067817509;1,14072749;0,32596463;0,32596463;3,067817509;0;0,561495177;0,67403537;-0,029685049;2,358816276;1;0,791800643;0,33870006;2,429099877;3,067817509;1;2,358816276;0,994036971;0,450540541;0;1,436213992;0;0,300229275;0,67403537;0,237721733;1,14072749;0,131651985;2,067817509;0,670016077;0,201158441;4,941562314;0,887459807
ООО 1 МЯСНАЯ КОМПАНИЯ;0;2020;0;0;3 714;6 615;2 282;12 611;12 611;2 172;2 212;0;0;10 399;10 399;12 611;158 765;151 124;1 903;0;1 841;-368;1 473;0,109722089;1,212712761;0,824597574;0,175402426;0,172230592;0,145983665;12,58940607;0,212712761;0,832278481;0,824597574;0,824597574;1,212712761;0;0,705495203;0,175402426;-0,002317891;0,177036253;1;0,150900008;0;0,182998365;1,212712761;1;0,177036253;0,665913201;0,009746963;0;0,636118858;0;0,079431865;0,175402426;0,011986269;0,832278481;0,023393065;0,212712761;0,116802791;0,009277864;71,7744123;1,530092776
ООО 1 НЬЮ;0;2020;0;0;17 116;6 193;430;23 878;23 878;-8 854;-7 854;0;0;31 732;31 732;23 878;19 339;14 377;-3 233;0;-6 713;0;-6 713;0,006775495;0,7524896;1,32892202;-0,32892202;-0,370801575;-0,281137449;0,809908703;-0,2475104;0,854723708;1,32892202;1,32892202;0,7524896;0;0,277368289;-0,32892202;0;-0,211553006;1;-0,135396599;0;-0,101884533;0,7524896;1;-0,211553006;0,854723708;-0,466926341;0,854723708;0,195165763;-0,347122395;1,234707069;-0,32892202;-0,167175138;0,854723708;0,885050933;-0,2475104;-0,281137449;-0,347122395;-2,462312198;1,606290309
ООО 7 КЕЙ;0;2020;0;173;5 010;1 712;7 546;14 268;14 441;12 659;12 909;0;0;1 532;1 532;14 441;46 636;25 633;21 003;0;18 909;0;18 909;2,462793734;9,313315927;0,106086836;0,881933384;0,876601343;1,309396856;3,229416245;8,426240209;1,464792006;0,106086836;0,106086836;9,313315927;0;0,641091337;0,893913164;0;12,3426893;0,98802022;1,454400665;0;13,70953003;9,313315927;0,98802022;12,3426893;1,464792006;0,737681894;0;1,117493473;0;0,309653487;0,892626857;0,450360237;1,464792006;0,107427738;8,426240209;1,309396856;0,405459302;3,612673329;0,747178173
ООО 7 СТОЛОВ;0;2020;0;1 876;803;16 720;16 973;34 496;36 372;0;4 470;3 544;1 096;27 263;28 359;36 372;76 743;75 525;1 218;0;1 167;396;771;0,299252442;1,216403963;0,87713076;0,168728692;0;0,03208512;2,109947212;0,157621919;0,261073826;0,87713076;0,779693171;1,216403963;0;0,926344441;0,122896734;0,00516008;0,036579632;0,948421863;0,033487298;0,245190157;0,042949328;1,081277623;0,948421863;0,041150957;0,172483221;0,01020854;0;0,613285405;0;0,473945506;0,075197124;0,015871154;0,261073826;0,010463495;0,140112215;0,021197625;0,010046519;17,16845638;1,706037611
ООО 7-Я;0;2020;1 076;682;65 857;9 764;17 001;93 757;94 439;-24 249;-24 049;0;57 407;60 199;118 488;94 439;383 082;312 719;-7 847;3 196;-7 814;0;-7 815;0,076566961;0,791278442;1,25465115;-0,261872743;-0,25676892;-0,048899289;4,056396192;-0,202965701;0,324919955;1,25465115;1,25465115;0,791278442;-1,444931164;0,283410455;-0,25465115;0,008342861;-0,038974411;0,992778407;-0,083090672;-2,387084702;-0,066226116;0,791278442;0,992778407;-0,065947607;0,324961537;-0,024990487;0,324961537;0,162195385;-0,020400332;0,246524243;-0,263777638;-0,020483865;0,324919955;0,171913585;-0,202965701;-0,082751829;-0,020400332;-15,92922783;1,540115842
ООО 12;0;2020;0;0;454;328;6;788;787;0;-368;0;194;961;1 155;787;500;531;-31;0;-371;0;-371;0,002597403;0,682251082;1,467598475;-0,466327827;0;-0,471410419;0,635324015;-0,318614719;1,008152174;1,467598475;1,467598475;0,682251082;0;0,424396442;-0,467598475;0;-0,321212121;1,001270648;-0,039390089;-0,527173913;-0,026839827;0,682251082;1,001270648;-0,321212121;1,008152174;-0,698681733;1,008152174;0,341311134;-0,742;1,574;-0,467005076;-0,062;1,008152174;0,908;-0,318614719;-0,471410419;-0,742;-1,358695652;1,891994917
ООО 12 ИСТОРИЙ;0;2020;0;208 720;595 816;261 718;192 610;1 067 506;1 276 226;560 466;560 482;115 341;113 687;472 521;600 403;1 276 226;3 038 526;1 139 826;635 663;926;554 133;-142 164;440 204;0,162319412;1,777982455;0,560828568;0,366003357;0,439158895;0,434922185;2,380868279;0,933509659;0,98867225;0,560828568;0,470451942;1,777982455;599,4157667;0,355993374;0,439171432;-0,046482406;0,775499341;0,836455299;0,498080277;0,202837915;1,058727222;1,491463428;0,836455299;0,922935095;0,785402564;0,386202806;0;0,553875912;0;0,420014836;0,329517586;0,209201106;0,98867225;0,196087182;0,783076072;0,344926369;0,144874192;5,421273118;0,815322678
ООО 24;0;2020;0;0;3 018;54;496;3 568;3 568;0;2 213;0;0;1 355;1 355;3 568;197 709;198 221;-512;0;-2 439;432;-2 871;0,18302583;2,633210332;0,379764574;0,620235426;0;-0,683576233;55,41171525;1,633210332;-1,102123814;0,379764574;0,379764574;2,633210332;0;0,154147982;0,620235426;0,00218503;-1,8;1;-0,143497758;0;-0,377859779;2,633210332;1;-1,8;-1,297333936;-0,014483834;-1,297333936;0,039852399;-0,014521342;0,018046725;0,620235426;-0,002589665;-1,102123814;0,015264859;1,633210332;-0,804652466;-0,014521342;89,33981021;0,533912556
ООО 24 ВОЛЬТА;0;2020;0;0;1 902;148;281;2 331;2 331;0;337;0;2;1 992;1 994;2 331;2 398;2 039;359;0;346;69;277;0,070461384;1,169007021;0,855426855;0,144573145;0;0,148434148;1,028743029;0,169007021;1,026706231;0,855426855;0,855426855;1,169007021;0;0,184041184;0,144573145;0,028773978;0,173520562;1;0,154011154;0,005934718;0,18004012;1,169007021;1;0,173520562;0,821958457;0,135850907;0;0,074297189;0;0,97206005;0,144573145;0,14970809;1,026706231;0,793160967;0,169007021;0,118833119;0,115512927;7,115727003;1,039468039
ООО 50 ГЕРЦ;0;2020;0;242;3 189;573;411;4 173;4 415;0;161;503;40;3 711;3 751;4 415;5 564;6 039;-475;0;-426;-36;-390;0,054785391;1,112503332;0,963533409;0,095583239;0;-0,096489241;1,260249151;0,042921887;-2,645962733;0,963533409;0,849603624;1,112503332;0;0,222876557;0,036466591;-0,006470165;-0,100141044;0,945186863;-0,107587769;0,248447205;-0,126632898;0,980959097;0,945186863;-0,113569715;-2,422360248;-0,064580229;-2,422360248;0,154405821;-0,070093458;0,793493889;-0,019410496;-0,085370237;-2,645962733;0,573148814;0,037846732;-0,088335221;-0,070093458;34,55900621;1,072480181
ООО 127 ВОЛЬТ;0;2020;0;0;2 160;4 915;1 205;8 280;8 280;1 247;1 247;965;-89;6 158;6 069;8 280;9 372;7 691;-123;0;-115;-101;-131;0,099275004;1,36431043;0,849516908;0,267028986;0,150603865;-0,013888889;1,131884058;0,205470423;-0,092221331;0,849516908;0,732971014;1,36431043;0;0,739130435;0,150603865;-0,010776782;-0,016349161;1;-0,014855072;-0,071371291;-0,02026693;1,177139608;1;-0,018948756;-0,105052125;-0,017032896;-0,105052125;0,79814875;-0,013977806;0,883482714;0,150603865;-0,0131242;-0,092221331;0,230473752;0,177281774;-0,015821256;-0,013977806;7,51563753;1,472101449
ООО 220 ВОЛЬТ.ЧЕЛЯБИНСК;0;2020;0;0;4 203;544;340;5 087;5 087;0;1 283;599;0;3 205;3 205;5 087;12 405;11 660;745;0;826;-39;865;0,053042122;1,587207488;0,74778848;0,36996265;0;0,162374681;2,438568901;0,400312012;0,643803585;0,74778848;0,63003735;1,587207488;0;0,173776293;0,25221152;-0,003143894;0,217139853;1;0,14645174;0;0,232449298;1,337276551;1;0,257722309;0,674201091;0,074185249;0;0,169734789;0;0,410076582;0,25221152;0,060056429;0,643803585;0,338814994;0,337276551;0,170041282;0,069729948;9,668745129;0,803813643
ООО 777;0;2020;0;940;1 018;0;236;1 254;2 194;0;1 945;0;0;249;249;2 194;8 487;8 120;367;0;314;3;311;0,473895582;5,036144578;0,11349134;0,458067457;0;0,143117593;3,868277119;7,81124498;0,161439589;0,11349134;0,11349134;5,036144578;0;0,107566089;0,88650866;0,000353482;1,261044177;0,571558797;0,167274385;0;1,473895582;5,036144578;0,571558797;1,261044177;0,159897172;0,038300493;0;0;0;0,25851302;0,801435407;0,043242606;0,161439589;0,119948156;7,81124498;0,141750228;0,036644279;4,363496144;0,221057429
ООО 911;0;2020;0;446;355;528;25;908;1 354;0;541;408;14;391;405;1 354;8 435;8 213;222;0;206;65;141;0,030864198;2,241975309;0,600443131;0,371491876;0;0,152141802;6,229689808;1,335802469;0,38077634;0,600443131;0,299113737;2,241975309;0;0,408419498;0,399556869;0,007705987;0,253382534;0,670605613;0,163958641;0,025878004;0,548148148;1,116851169;0,670605613;0,508641975;0,260628466;0,017167905;0;1,350383632;0;0,160521636;0,104625551;0,026318909;0,38077634;0,042086544;0,665436654;0,104135894;0,016716064;15,59149723;0,707533235
ООО XXI ВЕК;0;2020;0;2 598;0;-3 004;2;-3 002;-404;0;-1 217;0;0;813;813;-404;1 163;912;251;0;211;0;211;0,001230012;-3,692496925;-2,012376238;9,443069307;0;-0,522277228;-2,878712871;-1,496924969;-0,173377157;-2,012376238;-2,012376238;-3,692496925;0;7,430693069;3,012376238;0;0,259532595;7,430693069;-0,621287129;0;0,308733087;-3,692496925;7,430693069;0,259532595;-0,173377157;0,231359649;0;-3,69495695;0;-0,347377472;1,270819454;0,215821152;-0,173377157;0;-1,496924969;-0,522277228;0,181427343;-0,955628595;5,418316832
ООО А & К +;0;2011;0;1 017;346;695;3;1 044;2 061;464;564;656;0;841;841;2 061;4 961;5 070;-109;0;-145;6;-151;0,001783591;1,24137931;0,726346434;0,098495876;0,22513343;-0,070354197;2,40708394;0,670630202;-0,257092199;0,726346434;0,408054343;1,24137931;0;0,338670548;0,273653566;0,001209434;-0,096860387;0,506550218;-0,052886948;0;-0,12960761;0,69739479;0,506550218;-0,172413793;-0,267730496;-0,029783037;-0,267730496;0,826397146;-0,030437412;0,415440435;-0,433908046;-0,021971377;-0,257092199;0,069744003;0,376753507;-0,073265405;-0,030437412;8,796099291;0,746724891
ООО А Б С;0;2020;0;0;196;7 878;252;8 326;8 326;0;259;0;3;8 064;8 067;8 326;12 064;12 857;-793;0;56;11;45;0,015619189;1,032106111;0,968892626;0,031107374;0;0,006725919;1,44895508;0,032106111;0,216216216;0,968892626;0,968892626;1,032106111;0;0,976459284;0,031107374;0,000911804;0,006941862;1;-0,095243815;0,011583012;-0,098301723;1,032106111;1;0,006941862;0,173745174;0,003500039;0;0,976934524;0;0,69015252;0,031107374;-0,065732759;0,216216216;0,016246684;0,032106111;0,005404756;0,003730106;46,57915058;1,94535191
ООО А ГРУПП М;0;2018;0;0;4 264;10 474;32;14 770;14 770;0;-5 066;0;0;19 703;19 703;14 637;1 577;1 298;279;0;61;15;45;0,000812059;0,749632036;1,333987813;-0,333987813;0;0,004129993;0,106770481;-0,257118205;-0,012041058;1,333987813;1,333987813;0,749632036;0;0,711306703;-0,346109175;0,009511731;0,003095975;1;0,018889641;0;0,01416028;0,749632036;1,009086561;0,003095975;-0,008882748;0,034668721;0;0,531594173;0;9,365884591;-0,342992552;0,176918199;-0,012041058;2,703868104;-0,257118205;0,0030744;0,028535193;-0,311290959;2,06387921
ООО А-СЕЛЛЕР;0;2021;0;111;3 304;4 129;224;7 666;7 777;1 817;1 827;0;3 503;2 446;5 949;7 777;19 625;16 684;913;397;1 978;-376;1 602;0,018826694;1,288619936;0,764947923;0,220779221;0,233637649;0,305387682;2,523466632;0,307110439;1,082649152;0,764947923;0,764947923;1,288619936;5,982367758;0,559727401;0,234923492;0,001070064;0,399226761;0,985727144;0,117397454;1,917350848;0,153471172;1,288619936;0,985727144;0,332492856;0,876847291;0,096020139;0;1,688062142;0;0,396280255;0,223845552;0,046522293;1,082649152;0,168356688;0,307110439;0,205992028;0,081630573;10,74165298;1,324675325
ООО А-СЕРВИС;0;2020;1 651;0;797;3 000;0;5 448;5 448;666;676;818;0;3 954;3 954;5 448;5 877;1 734;50;0;92;-18;74;0,208775923;1,37784522;0,875917768;0,274229075;0,122246696;0,016886931;1,078744493;0,17096611;0,136094675;0,875917768;0,725770925;1,37784522;0;0,550660793;0,124082232;-0,003062787;0,019279128;1;0,00917768;0;0,012645422;1,141659681;1;0,023267577;0,109467456;0,042675894;0;0,758725341;0;0,927003573;0,124082232;0,008507742;0,136094675;0,135613408;0,141659681;0,013582966;0,012591458;8,693786982;1,579478708
ООО А-СЕРВИС-ТРАНС;0;2020;0;0;1 503;3;858;2 364;2 364;0;1 878;0;156;330;486;2 364;23 880;22 852;1 028;0;964;193;771;0,882716049;4,864197531;0,205583756;0,794416244;0;0,407783418;10,10152284;3,864197531;0,513312034;0,205583756;0,205583756;4,864197531;0;0,364213198;0,794416244;0,008082077;1,983539095;1;0,434856176;0,083067093;2,115226337;4,864197531;1;1,983539095;0,410543131;0,033738841;0;0,009090909;0;0,098994975;0,794416244;0,043048576;0,513312034;0,062939698;3,864197531;0,326142132;0,032286432;12,71565495;0,569796954
ООО А-СИЗ;0;2020;0;0;0;23;47;70;70;0;-105;0;0;175;175;70;521;499;22;0;-1;0;-1;0,134285714;0,4;2,5;-1,5;0;-0,014285714;7,442857143;-0,6;0,00952381;2,5;2,5;0,4;0;1;-1,5;0;-0,005714286;1;0,314285714;0;0,125714286;0,4;1;-0,005714286;0,00952381;-0,002004008;0,00952381;0,131428571;-0,001919386;0,134357006;-1,5;0,042226488;0,00952381;0;-0,6;-0,014285714;-0,001919386;-4,961904762;3,5
ООО А-СТ;0;2020;0;0;289;7 349;67;7 705;7 705;0;-20 213;0;0;27 918;27 918;7 705;44 019;48 066;-4 047;0;-4 185;3;-4 188;0,001199943;0,275986819;3,623361454;-2,623361454;0;-0,543153796;5,713043478;-0,724013181;0,207044971;3,623361454;3,623361454;0,275986819;0;0,962491888;-2,623361454;6,81524E-05;-0,149903288;1;-0,525243348;0;-0,144960241;0,275986819;1;-0,149903288;0,20719339;-0,087130196;0,20719339;0,263235189;-0,095140735;0,175038052;-2,623361454;-0,091937572;0,207044971;0,006565347;-0,724013181;-0,543543154;-0,095140735;-2,177756889;4,585853342
ООО А-СТАЙЛ;0;2020;0;0;4 200;3 853;1 634;9 687;9 687;3 379;3 389;0;0;6 298;6 298;9 687;15 521;12 876;284;0;223;-175;48;0,129723722;1,538107336;0,650149685;0,349850315;0,348818004;0,023020543;1,602250439;0,538107336;0,065801121;0,650149685;0,650149685;1,538107336;0;0,566429235;0,349850315;-0,011275047;0,035408066;1;0,029317642;0;0,045093681;1,538107336;1;0,035408066;0,01416347;0,003727866;0;0,611781518;0;0,624122157;0,349850315;0,01829779;0,065801121;0,270601121;0,538107336;0,004955094;0,003092584;4,579817055;1,21657892
ООО А-СТАЙЛ КОМПЬЮТЕРС;0;2021;0;0;0;479;6 396;6 875;6 875;2 131;2 141;0;0;4 734;4 734;6 875;21 480;19 933;1 279;0;1 227;-245;982;0,675538657;1,452260245;0,688581818;0,311418182;0,309963636;0,178472727;3,124363636;0,452260245;0,573096684;0,688581818;0,688581818;1,452260245;0;1;0,311418182;-0,011405959;0,259188847;1;0,186036364;0;0,270173215;1,452260245;1;0,259188847;0,458664176;0,049265038;0;0,101182932;0;0,320065177;0,311418182;0,059543762;0,573096684;0;0,452260245;0,142836364;0,045716946;10,032695;1,688581818
ООО А-СТАНДАРТ;0;2020;0;0;2 535;682;306;3 523;3 523;0;2 611;0;0;913;913;3 523;10 524;9 175;1 349;0;1 315;381;934;0,167579409;3,858707558;0,25915413;0,74084587;0;0,373261425;2,987226795;2,859802848;0,503638453;0,25915413;0,25915413;3,858707558;0;0,280442804;0,741129719;0,036202965;1,440306681;1;0,382912291;0;1,47754655;3,858707558;1;1,440306681;0,35771735;0,101798365;0;0,746987952;0;0,334758647;0,741129719;0,1281832;0,503638453;0,240877993;2,859802848;0,265114959;0,088749525;4,030639602;0,539596934
